{"real_sensor_data": [-5.4396982538, -5.4396982538], "virtual_sensor_data": [3.0749667e-316, 3.30955703e-316]}