{"real_sensor_output": [0.0072432566, 0.0072432566], "virtual_sensor_output": [2.93395326e-316, 2.72435455e-316]}