{"real_sensor_data": [-5.4396982538, -5.4396982538, -5.4396982538, -5.4396982538, -5.4396982538, 20.3304233551, 20.3304233551, 20.3304233551, 20.3304233551, 20.3304233551, 20.3304233551, 20.3304233551, 20.3304233551, 20.3304233551], "virtual_sensor_data": [0.0, 0.0, 3.3510822e-316, 3.83396517e-316, 3.7390118e-316, 0.0, 0.0, 0.0, 0.0, 0.0, 0.0, 0.0, 0.0, 0.0]}