{"real_sensor_output": [0.0072432566, 0.0072432566, 0.0072432566, 0.0072432566, 0.0072432566, 0.0072432566, 0.0072432566, 0.0072432566, 0.0072432566, 0.0072432566, 0.0072432566, 0.0072432566, 0.0072432566, 0.0072432566, 0.0072432566, 0.0072432566, 0.0072432566, 0.0072432566, 0.0072432566, 0.0072432566, 0.0072432566, 0.0072432566, 0.0072432566, 0.0072432566, 0.0072432566, 0.0072432566, 0.0072432566, 0.0072432566, 0.0072432566, 0.0072432566, 0.0072432566, 0.0072432566, 0.0072432566, 0.0072432566, 0.0072432566, 0.0072432566, 0.0072432566, 0.0072432566, 0.0072432566, 0.0072432566, 0.0072432566, 0.0072432566, 0.0072432566, 0.0072432566, 0.0072432566, 0.0072432566, 0.0072432566, 0.0072432566, 0.0072432566, 0.0072432566], "virtual_sensor_output": [3.72447963e-316, 4.150733e-316, 3.203163e-316, 2.4927604e-316, 3.9169186e-316, 3.1447971e-316, 2.8358811e-316, 3.9274832e-316, 4.06773806e-316, 3.48764986e-316, 3.3712439e-316, 3.3190535e-316, 3.6903461e-316, 3.44394936e-316, 1.96231664e-316, 2.6334253e-316, 3.37770434e-316, 2.727585e-316, 3.13960354e-316, 3.4504785e-316, 3.2490808e-316, 3.8055361e-316, 1.5958814e-316, 3.8324883e-316, 3.94710275e-316, 3.8820133e-316, 3.8350334e-316, 4.5526165e-316, 2.97922494e-316, 2.698446e-316, 2.7515874e-316, 2.80365135e-316, 4.2912211e-316, 3.9132602e-316, 3.90683146e-316, 3.4405365e-316, 3.09549997e-316, 3.42842483e-316, 3.6199577e-316, 3.3361508e-316, 3.3863552e-316, 3.3940629e-316, 3.8722237e-316, 3.88664166e-316, 4.2335774e-316, 4.09740196e-316, 3.94575998e-316, 4.16016905e-316, 2.95613814e-316, 3.44896397e-316]}