{"real_sensor_data": [-5.4396982538, -5.4396982538], "virtual_sensor_data": [4.26610176e-316, 4.26600014e-316]}