{"real_sensor_output": [0.0072432566, 0.0072432566, 0.0072432566], "virtual_sensor_output": [3.72447963e-316, 4.150733e-316, 3.203163e-316]}