{"real_sensor_output": [0.0072432566, 0.0072432566, 0.0072432566, 0.0072432566, 0.0072432566, 0.0072432566, 0.0072432566], "virtual_sensor_output": [3.72447963e-316, 4.150733e-316, 3.203163e-316, 2.4927604e-316, 3.9169186e-316, 3.1447971e-316, 2.8358811e-316]}